{"cameraMode":{"drawMode":0,"name":"Shaded","section":"Shading Mode"},"sceneLighting":true,"audioPlay":false,"sceneViewState":{"showFog":true,"showMaterialUpdate":false,"showSkybox":true,"showFlares":true,"showImageEffects":true,"showParticleSystems":true},"in2DMode":false,"pivot":{"x":-3.7661049365997316,"y":5.415773391723633,"z":-32.29856872558594},"rotation":{"x":0.32666367292404177,"y":-0.20993255078792573,"z":0.0746622085571289,"w":0.9185017347335815},"size":30.97348403930664,"orthographic":false}