{"cameraMode":{"drawMode":0,"name":"Shaded","section":"Shading Mode"},"sceneLighting":true,"audioPlay":false,"sceneViewState":{"showFog":true,"showMaterialUpdate":false,"showSkybox":true,"showFlares":true,"showImageEffects":true,"showParticleSystems":true},"in2DMode":false,"pivot":{"x":-3.977773666381836,"y":1.6609578132629395,"z":-20.856380462646486},"rotation":{"x":0.6820992231369019,"y":-0.017544105648994447,"z":0.016373489052057267,"w":0.7308663725852966},"size":43.35270690917969,"orthographic":false}