{"cameraMode":{"drawMode":0,"name":"Shaded","section":"Shading Mode"},"sceneLighting":true,"audioPlay":false,"sceneViewState":{"showFog":true,"showMaterialUpdate":false,"showSkybox":true,"showFlares":true,"showImageEffects":true,"showParticleSystems":true},"in2DMode":false,"pivot":{"x":-4.9218363761901859,"y":2.3986976146698,"z":-20.49740219116211},"rotation":{"x":0.5737290978431702,"y":-0.0795430988073349,"z":0.05611647665500641,"w":0.8132402896881104},"size":37.974365234375,"orthographic":false}