{"cameraMode":{"drawMode":0,"name":"Shaded","section":"Shading Mode"},"sceneLighting":true,"audioPlay":false,"sceneViewState":{"showFog":true,"showMaterialUpdate":false,"showSkybox":true,"showFlares":true,"showImageEffects":true,"showParticleSystems":true},"in2DMode":false,"pivot":{"x":-4.152905464172363,"y":5.884049892425537,"z":-24.201404571533204},"rotation":{"x":0.6831425428390503,"y":-0.019708992913365365,"z":0.01844930648803711,"w":0.7297862768173218},"size":35.274314880371097,"orthographic":false}